ImageId,id
1,1641061
2,1641002
3,1641003
4,1641003
5,1641062
6,1844008
7,1641006
8,1641006
9,1641007
10,1641007
11,1641010
12,1641010
13,1641011
14,1641011
15,1641013
16,1641013
17,1641014
18,1641014
19,1641015
20,1641013
21,1641016
22,1641061
23,1641017
24,1641017
25,1641020
26,1641020
27,1641021
28,1641021
29,1641072
30,1641023
31,1641010
32,1641025
33,1641026
34,1641036
35,1641027
36,1641027
37,1641028
38,1641028
39,1641029
40,1641029
41,1641030
42,1641030
43,1641031
44,1641031
45,1641034
46,1641034
47,1641035
48,1641035
49,1641036
50,1641036
51,1641038
52,1641038
53,1641020
54,1641039
55,1641040
56,1641040
57,1641043
58,1641043
59,1641013
60,1641044
61,1641045
62,1641045
63,1641046
64,1641046
65,1641047
66,1641047
67,1641006
68,1641052
69,1641054
70,1641054
71,1641055
72,1641036
73,1641057
74,1641057
75,1641059
76,1641059
77,1641060
78,1641060
79,1641061
80,1641061
81,1641062
82,1641031
83,1641065
84,1641065
85,1641066
86,1641038
87,1641067
88,1641067
89,1641068
90,1641068
91,1641069
92,1641025
93,1641071
94,1641071
95,1641072
96,1641072
97,1641073
98,1641073
99,1844001
100,1844001
101,1641014
102,1641013
103,1641014
104,1641030
105,1641039
106,1641014
107,1641023
108,1641014
109,1641025
110,1641025
111,1641006
112,1641071
113,1641068
114,1641068
115,1641031
116,1641031
117,1641072
118,1641071
119,1641035
120,1641036
121,1641071
122,1641036
123,1641073
124,1641031
